Title,Brand,Reviews,Ratings,Availability,Price
"RPS FASHION WITH DEVICE OF R mens Analog & Digital Black PU Strap Analog Watch , Pack of 2",RPS,30,3.3,In stock,170.0
Titan Light Leathers Analog Blue Dial Men's Watch-NM90102WL02 / NL90102WL02/NP90102WL02,Titan,193,4.3,In stock,10075.0
Hugo Boss Contemporary Sport Analog Blue Dial Men's Watch-1513758,Hugo,273,4.5,In stock,32925.0
Casio Digital Black Dial Men's Watch-G-5600UE-1DR,Casio,461,4.7,Only 2 left in stock,5295.0
LOUIS DEVIN Silicone Strap Analog Wrist Watch for Men (Black/Blue/Red) | LD-BK054,LOUIS,1128,3.9,In stock,397.0
Fastrack Analog Unisex-Adult Watch,Fastrack,9791,4.2,In stock,760.0
Titan Neo Analog Blue Dial Men's Watch-NL1734KM02/NP1734KM02/NQ1734KM02,Titan,465,4.3,In stock,5208.0
TIMEWEAR Analog Day Date Functioning Stainless Steel Chain Watch for Men,TIMEWEAR,9980,3.8,In stock,319.0
TIMEX Analog Men's Watch (Dial Colored Strap),TIMEX,14181,4.1,In stock,1199.0
TIMEWEAR Analog New Track Number Dial Day Date Functioning Leather Strap Watch for Men,TIMEWEAR,316,3.6,In stock,329.0
Timex Analog Brown Dial Men's Watch-TW000U936,Timex,767,4.2,In stock,1999.0
NAVIFORCE Analog-Digital Black Dial Men's Watch-NF9024,NAVIFORCE,364,4.2,In stock,2252.0
Casio Analog Black Dial Men's Watch-MTP-VD01D-1E2VUDF (A1734),Casio,773,4.4,In stock,2695.0
TIMEWEAR Analog Men's Watch (Dial Colored Strap),TIMEWEAR,12958,3.8,In stock,337.0
Fastrack Casual Analog Dial Watch for Men,Fastrack,358,4.0,In stock,1540.0
Titan Neo Iv Analog Black Dial Men's Watch-NL1805NM01/NP1805NM01,Titan,814,4.3,In stock,6925.0
LOUIS DEVIN Mesh Steel Chain Analog Wrist Watch for Men (LD-G042),LOUIS,268,3.9,In stock,329.0
Timex Analog Black Dial Men's Watch-TW000R438,Timex,927,4.1,In stock,2116.0
Fastrack Analog Men's Watch,Fastrack,728,4.2,In stock,1490.0
Fastrack Black Magic Analog Black Dial Men's Watch NM3089SL05/NN3089SL05/NP3089SL05,Fastrack,4394,4.2,In stock,2375.0
GUESS Analog Blue Dial Men's Watch-GW0202G4,GUESS,18,4.4,Only 3 left in stock,14310.0
GUESS Analog Black Dial Men's Watch-GW0486G2,GUESS,3,5.0,Only 4 left in stock,17596.0
GUESS Analog Black Dial Men's Watch-GW0368G3,GUESS,1,5.0,Only 1 left in stock,8746.0
Sonata Formal Analog Black Dial Men's Watch NM7924NM01/NN7924NM01,Sonata,4639,4.2,In stock,1552.0
SWADESI STUFF Multi Dial Chronograph Luxury Quartz Analog Watch for Men,SWADESI,146,3.6,In stock,349.0
Casio Analog-Digital Gray Dial Men's Watch-GM-2100-1ADR,Casio,123,4.4,In stock,14995.0
Casio Analog-Digital Red Dial Men's Watch-GA-2100-4ADR (G988),Casio,143,4.6,In stock,8275.0
Casio G-Shock Analog-Digital Black Dial Men's Watch-GG-1000-1ADR (G660),Casio,574,4.0,In stock,14626.0
Casio Edifice Chronograph Black Dial Men's Watch-EF-539D-1AVDF (ED369),Casio,434,4.4,In stock,9895.0
SWISSTYLE Analog Men's Watch (Black Dial Black Colored Strap),SWISSTYLE,4611,3.5,In stock,371.0
Timex Analog Black Dial Men's Watch-TW000U914,Timex,888,4.4,In stock,3276.0
TIMEWEAR Men's Analog Number Dial Brown Leather Strap Watch,TIMEWEAR,8566,3.8,In stock,217.0
Fastrack Analog Men's Watch (Dial Colored Strap),Fastrack,2291,4.2,In stock,1285.0
Shocknshop Analog Black Dial Business Stainless Steel Wrist Watch for Mens (Black Dial and Strap) -W60,Shocknshop,15,3.8,In stock,489.0
Carlson Raulen Mens Chronograph Waterproof Luxury Fashion Military Quartz Sports Analog Wristwatch,Carlson,207,4.3,In stock,1499.0
Carlson Raulen Chronograph Men Waterproof Luxury Fashion Military Design Quartz Sports Analog Wristwatches,Carlson,76,3.7,In stock,1699.0
Timex Analog Black Dial Men's Watch-TW000U913,Timex,556,4.3,In stock,2129.0
Matrix Day & Date Analog Wrist Watch for Men & Boys (Black),Matrix,3844,3.6,In stock,259.0
SF Sporty Analog Black Dial Men's Watch-NL7930PP01/NP7930PP01,SF,10244,3.9,In stock,584.0
TIMEWEAR Analogue - Digital Men's Watch (Black Dial Black Colored Strap),TIMEWEAR,20695,3.7,In stock,549.0
Fastrack Analog Black Dial Unisex Watch-NG38003PP13W / NR38003PP13W,Fastrack,2870,4.3,In stock,675.0
"Matrix Blue, Black & Silver Dial, Day & Date Functioning, Stainless Steel Strap Analog Watch for Men & Women",Matrix,1004,3.6,In stock,285.0
SWISSTYLE Two Tone Chrono Look Analog Stainless Steel Watch-SS-GR6612 For Men,SWISSTYLE,3908,3.5,In stock,371.0
SWADESI STUFF Black Dial Brown Leather Strap Stylish Analog Watch for Men,SWADESI,775,3.8,In stock,254.0
Matrix Analog Day & Date Display Wrist Watch for Men & Boys (Black),Matrix,3083,3.7,In stock,259.0
Shocknshop Stainless Steel Watch Series Analogue Men's Watch (Black Dial Mens Long Colored Strap) -W219,Shocknshop,1230,3.8,In stock,285.0
Titan Karishma Analog Black Dial Men's Watch NM1639SM02/NN1639SM02,Titan,1477,4.3,In stock,1695.0
Fastrack Bold Analog White Dial Men's Watch-NL38051SL06/NP38051SL06,Fastrack,412,4.3,In stock,1325.0
Matrix Swap Analog Black Dial Watch with Interchangeable Straps for Men & Boys,Matrix,3,4.6,In stock,375.0
Matrix Antique Day & Date Leather Strap Analog Silicone Watch For Men & Boys - Black,Matrix,536,3.4,In stock,259.0
Casio Analog Black Dial Men's Watch-MTP-V300L-1AUDF (A1176),Casio,713,4.1,In stock,3415.0
RUSTET Silicone Strap Analog Wrist Watch for Men (Black/Blue/Red) | LD-BK054,RUSTET,27,3.7,In stock,324.0
LORENZ Analog Watch for Men | Watch for Boys,LORENZ,493,3.5,In stock,395.0
Fastrack Casual Analog White Dial Men's Watch NM3114PP01/NN3114PP01/NP3114PP01,Fastrack,5263,4.1,In stock,905.0
SWISSTYLE Analog Men's Watch (White Dial Brown Colored Strap),SWISSTYLE,92,3.6,In stock,139.0
TIMEWEAR Analog New Track Day Date Functioning Leather Strap Watch for Men,TIMEWEAR,90,3.7,In stock,329.0
Fastrack Fundamentals Analog Blue Dial Men's Watch-NN38051SM03,Fastrack,1203,4.3,In stock,1255.0
LORENZ Casual Analog Watch for Men | Watch for Boys,LORENZ,228,3.7,In stock,349.0
V2A Chronograph Analogue and Digital Sports Watch for Men | Watch for Men | Wrist Watch for Men | Mens Watch | Watch,V2A,1960,3.8,In stock,727.0
GUESS Analog Black Dial Men's Watch-GW0388G1,GUESS,3,4.6,In stock,5456.0
GUESS Analog White Dial Men's Watch-GW0428G2,GUESS,6,5.0,In stock,7696.0
GUESS Analog Gold Dial Unisex-Adult Watch-GW0324G2,GUESS,18,4.1,In stock,12530.0
GUESS Analog Black Dial Men's Watch-W1161G1,GUESS,183,4.5,Only 5 left in stock,5996.0
"RPS FASHION WITH DEVICE OF R mens Analog & Digital Black PU Strap Analog Watch , Pack of 2",RPS,30,3.3,In stock,170.0
GUESS Analog Blue Dial Men's Watch-GW0202G4,GUESS,18,4.4,Only 3 left in stock,14310.0
GUESS Analog Black Dial Men's Watch-GW0486G2,GUESS,3,5.0,Only 4 left in stock,17596.0
TIMEWEAR Analog Silicone Strap New Track Dial Watch for Men,TIMEWEAR,36,3.4,Only 5 left in stock,337.0
Fastrack Analog Unisex-Adult Watch,Fastrack,140,4.1,In stock,830.0
Sonata Analog Multicolor Small Dial Men's Watch -NM7987SL01W / NL7987SL01W,Sonata,4359,3.9,In stock,607.0
LOUIS DEVIN Mesh Steel Chain Analog Wrist Watch for Men (LD-G042),LOUIS,268,3.9,In stock,329.0
Fastrack Fundamentals Analog Blue Dial Men's Watch-NN38051SM03,Fastrack,1203,4.3,In stock,1255.0
SF Analog Black Dial Men's Watch-NL7930PP02/NP7930PP02,SF,3418,3.8,In stock,625.0
TIMEX Classics Analog Silver Dial Men's Watch-TI000R40900,TIMEX,435,4.3,In stock,1356.0
Shocknshop Analog Black Stainless Steel Chain Wrist Watch for Men Boys (Black Colored Dial Strap),Shocknshop,39,3.5,In stock,375.0
Relish Analogue Men's Watch (Black Dial & Strap),Relish,1677,3.5,In stock,319.0
Fastrack Casual Analog Dial Watch for Men,Fastrack,358,4.2,In stock,1465.0
"Matrix Black, Blue, White Dial, Day & Date Functioning, Stainless Steel Strap Analog Watch for Men & Women",Matrix,139,3.8,In stock,285.0
Casio Enticer Analog Blue Dial Men's Watch-MTP-VD01D-2BVUDF (A1363),Casio,902,4.4,In stock,2695.0
SWADESI STUFF All Black Stainless Steel Strap Stylish Analog Watch for Men,SWADESI,267,3.7,In stock,299.0
Shocknshop Analog Multicolored Dial Unisex Watch for Mens Women -W55,Shocknshop,79,3.7,In stock,249.0
Fastrack Analog Men's Watch (Dial Colored Strap),Fastrack,2291,4.2,In stock,1285.0
Fastrack Trendies Analog Black Dial Men's Watch-38058PP03/NP38058PP03,Fastrack,163,4.2,Out of stock,1085.0
GUESS Analog White Dial Men's Watch-GW0428G2,GUESS,6,5.0,In stock,7696.0
GUESS Analog Gold Dial Unisex-Adult Watch-GW0324G2,GUESS,18,4.1,In stock,12530.0
GUESS Analog Black Dial Men's Watch-GW0388G1,GUESS,3,4.6,In stock,5456.0
Fastrack Trendies Analog Black Dial Men's Watch-NL38040PP01,Fastrack,940,4.1,In stock,1185.0
Daniel Klein Analog Brown Dial Men's Watch-DK11599-4,Daniel,351,3.8,In stock,1398.0
Fastrack Analog Grey Dial Unisex-Adult Watch-68011PP08,Fastrack,362,4.1,Out of stock,805.0
Fastrack New OTS Analog Black Dial Men's Watch NM9332PP02A/NN9332PP02/NP9332PP02,Fastrack,1954,4.2,In stock,1515.0
Sonata Analog White Dial Men's Watch NM1013SM01/NN1013SM01/NP1013SM01,Sonata,1829,4.0,In stock,719.0
Sonata Volt+ Analog Black Dial Men's Watch NM77086PL01 / NL77086PL01/NP77086PL01W,Sonata,750,4.2,In stock,809.0
TIMEWEAR Analog Men's Watch (Dial Colored Strap),TIMEWEAR,67,3.7,In stock,249.0
Sonata Smart Plaid Analog Black Dial Men's Watch-NN77107SP02W/NP77107SP02W,Sonata,187,4.2,In stock,899.0
Casio Enticer Analog Dial Watch,Casio,5088,4.3,In stock,5395.0
Sonata Analog White Dial Men's Watch-7135SL03/NP7135SL03,Sonata,714,4.2,In stock,832.0
Shocknshop Analog Digital Sports Multi Functional Dual Time Black Dial Watch for Mens Boys -SK04,Shocknshop,200,4.0,In stock,449.0
TIMEX Analog Black Dial Men's Watch-TWEG18410,TIMEX,54,4.1,In stock,3430.0
Casio Analog Blue Dial Men's Watch-MTP-V005D-2B5UDF,Casio,110,4.4,In stock,2076.0
TIMEX Analog Black Dial Men's Watch-TWHG35SMU05,TIMEX,50,4.2,In stock,1799.0
Sonata Volt+ Analog Green Dial Men's Watch NM77085PL02/NN77085PL02W/NP77085PL02W,Sonata,532,4.2,In stock,875.0
SWISSTONE Analog Men's Watch (Brown Dial Brown Colored Strap),SWISSTONE,4963,3.6,In stock,297.0
Sonata Analog White Dial Men's Watch NM7954YM01W/NN7954YM01W,Sonata,2013,4.2,In stock,1349.0
Fossil Grant Analog Blue Dial Men's Watch-FS5151,Fossil,2447,4.6,In stock,7497.0
TIMEX Analog White Men Watch TW000U933,TIMEX,1110,4.1,In stock,3295.0
"Titan Neo Men Analog Designer Watch - Quartz, Water Resistant, Leather/Stainless Steel Strap",Titan,2964,4.2,In stock,2545.0
CRESTELLO BK007-CPBLK Black Metal Chain Analog Wrist Watch for Men,CRESTELLO,255,3.7,In stock,459.0
NAVIFORCE Analog-Digital Black Dial Men's Watch-NF9024-BBR by LexXiv,NAVIFORCE,510,4.1,In stock,1997.0
TIMEX Analog Black Dial Men's Watch-TW0TG6517,TIMEX,30,3.9,In stock,2196.0
PAPIO PU Belt Analogue Men's Watch and Boy's Plastic Watch,PAPIO,56,4.4,In stock,199.0
Redux Analog Blue-Grey Dial Men's Watch,Redux,2320,3.5,In stock,245.0
Armani Exchange Analog Black Dial Men's Watch-AX1343,Armani,310,4.2,In stock,5997.0
Fastrack Space Analog Brown Dial Men's Watch-NN3184NM01/NP3184NM01,Fastrack,343,4.2,In stock,1816.0
Titan Neo Analog Silver Dial Men's Watch-NN1733KM03,Titan,508,4.1,In stock,6545.0
Shocknshop Analog Multifunctional Sports Digital Dial Watch for Men Boys (Black Dial and Grey Strap) -W02GRY,Shocknshop,340,3.7,In stock,499.0
Sonata Essentials Analog Black Dial Men's Watch-NN77082SM01/NP77082SM01,Sonata,807,4.3,Only 1 left in stock,949.0
Casio Analog Black Dial Men's Watch-MTP-VD01B-1BVUDF,Casio,31,4.3,Only 2 left in stock,2995.0
GUESS Analog Black Dial Men's Watch-GW0263G4,GUESS,2,4.5,Only 2 left in stock,9762.0
GUESS Multifunction 44mm Watch,GUESS,36,4.0,Only 1 left in stock,9516.0
"RPS FASHION WITH DEVICE OF R mens Analog & Digital Black PU Strap Analog Watch , Pack of 2",RPS,30,3.3,In stock,170.0
GUESS Analog Blue Dial Men's Watch-GW0202G4,GUESS,18,4.4,Only 3 left in stock,14310.0
GUESS Analog White Dial Men's Watch-GW0428G2,GUESS,6,5.0,In stock,7696.0
Sonata Super Fibre Analog Black Dial Men's Watch -NM7920PP13 / NL7920PP13,Sonata,1692,4.0,In stock,697.0
TIMEX Analog White Men Watch TW000U933,TIMEX,1110,4.1,In stock,3295.0
TIMEX Analog Black Dial Men's Watch-TW0TG6517,TIMEX,30,3.9,In stock,2196.0
Casio Analog Black Dial Men's Watch-MTP-V005L-1B5UDF,Casio,81,4.3,In stock,1756.0
TIMEX Analog Black Dial Men's Watch-TI000R41500,TIMEX,44,4.1,In stock,1257.0
TIMEX Analog White Men Watch TW000U933,TIMEX,736,4.1,In stock,1999.0
Sonata Volt+ Analog Green Dial Men's Watch NM77085PL02/NN77085PL02W/NP77085PL02W,Sonata,532,4.2,In stock,875.0
Titan Neo Analog Silver Dial Men's Watch-NN1733KM03,Titan,508,4.1,In stock,6545.0
TIMEWEAR Analog New Track Leather Strap Watch for Men,TIMEWEAR,20,3.4,Only 4 left in stock,249.0
TIMEX Analog Black Dial Men's Watch-TW000U926,TIMEX,474,4.1,In stock,1869.0
Casio Analog Black Dial Men's Watch-MTP-V002D-1B3UDF,Casio,127,4.0,In stock,1916.0
TIMEX Analog Black Dial Men's Watch-TW0TG6504,TIMEX,342,4.0,In stock,1996.0
Daniel Klein Analog Brown Dial Men's Watch-DK11599-4,Daniel,351,3.8,In stock,1398.0
Fastrack Stunners 4.0 Analog Watch,Fastrack,2,3.5,In stock,1675.0
Fastrack Autumn-Winter 19 Analog-Digital Orange Dial Men's Watch-NL38035SP03/NP38035SP03,Fastrack,766,4.3,In stock,3005.0
Acnos Brown Blue and Black Analog Watches for Men Pack of - 3 and Brand Box (l-01-02-05),Acnos,5619,3.7,In stock,365.0
GUESS Analog Black Dial Men's Watch-GW0486G2,GUESS,3,5.0,Only 4 left in stock,17596.0
GUESS Analog Gold Dial Unisex-Adult Watch-GW0324G2,GUESS,18,4.1,In stock,12530.0
GUESS Analog Black Dial Men's Watch-GW0368G3,GUESS,1,5.0,Only 1 left in stock,8746.0
GUESS Analog Black Dial Men's Watch-GW0388G1,GUESS,3,4.6,In stock,5456.0
TIMEX Analog Blue Dial Men's Watch-TWHG35SMU08,TIMEX,70,4.3,In stock,2454.0
Fossil Analog Black Dial Men's Watch - FS5437,Fossil,2027,4.4,In stock,12495.0
Carlson Raulen Men Women Waterproof Luxury Fashion Military Quartz Sports Analog Wristwatch,Carlson,7,3.5,In stock,999.0
Titan Analog Blue Dial Men's Watch-NL1698SM02,Titan,369,4.2,In stock,4895.0
Sonata Analog White Dial Men's Watch-7135YL01/NP7135YL01,Sonata,230,4.2,In stock,949.0
Casio Analog Blue Dial Men's Watch-MTP-V005L-2B5UDF,Casio,79,4.3,In stock,1756.0
Sonata Essentials Analog Silver Dial Men's Watch NM77082SL01W/NN77082SL01W,Sonata,1717,4.3,Out of stock,764.0
Titan Neo Analog Dial Men's Watch,Titan,1616,4.2,Only 3 left in stock,4460.0
Fastrack Analog Black Dial Men's Watch-NN3165NL01/NP3165NL01,Fastrack,224,4.3,In stock,3535.0
Sylvi Stainless Steel Silver Analog Date Best Wrist Watch - for Men,Sylvi,26,3.6,In stock,199.0
TIMEX Analog Silver Dial Men's Watch-TWEG18506,TIMEX,129,4.2,Only 3 left in stock,3196.0
Casio G-Shock Analog-Digital Black Dial Men's Watch-GG-1000-1A3DR (G662),Casio,641,4.2,In stock,17095.0
Titan Analog Blue Dial Men's Watch-1864SL10,Titan,11,4.1,In stock,1735.0
Fastrack Road Trip Analog Black Dial Men's Watch-NN3199NM03/NP3199NM03,Fastrack,356,4.4,In stock,2025.0
Fastrack Casual Analog Dial Men's Watch -NM3124SL02 / NL3124SL02/NP3124SL02,Fastrack,3707,4.2,In stock,1256.0
Fastrack Two Timers Analog Black Dial Men's Watch-NN38042PP01/NP38042PP01,Fastrack,422,4.1,In stock,1605.0
"SKMEI Men's Digital Sports Watch, LED Square Large Face Analog Quartz Wrist Watch with Multi-Time Zone Waterproof Stopwatch",SKMEI,735,4.1,In stock,949.0
LOUIS DEVIN LD-BK047-GLDBLK Black Metal Chain Analog Wrist Watch for Men,LOUIS,268,3.7,Only 1 left in stock,479.0
Titan Analog Brown Dial Men's Watch-NL1584SL04/NP1584SL04,Titan,963,4.2,In stock,2695.0
Titan Karishma Analog Multi-Colour Dial Men's Watch-NL1639SM01/NN1639SM01,Titan,887,4.4,In stock,1795.0
Titan Neo Analog Dial Men's Watch,Titan,1041,4.2,In stock,4160.0
BENYAR Wrist Watches for Men Leather Strap Analog Chronograph Fashion Business Sport Design Mens Watch 30M Waterproof Stylish Elegant Gifts for Men,BENYAR,140,4.0,In stock,2890.0
Titan Autumn-Winter 20 Analog Dial Men's Watch,Titan,594,4.2,In stock,2435.0
TIMEX Analog Blue Dial Men's Watch-TWHG03SMU10,TIMEX,196,3.9,In stock,3200.0
TIMEX Analog Black Dial Men's Watch-TWHG35SMU09,TIMEX,68,4.1,In stock,2199.0
Titan Octane Analog Silver Dial Men's Watch-NL1650BM03/NP1650BM03,Titan,1130,4.3,In stock,3343.0
Espoir Black DIAL and Silver Strap Day & Date Functioning Watch Combo of King Printed Bracelet Analog Watch - for Men,Espoir,9,2.9,In stock,249.0
Titan Analog Gold Dial Men's Watch-NL1650YM04/NP1650YM04,Titan,1338,4.4,In stock,2740.0
Casio Analog Silver Dial Men's Watch-MTP-V005L-7B5UDF,Casio,74,4.4,In stock,1756.0
Fastrack Casual Analog Black Dial Men's Watch-NL3121SM02/NP3121SM02,Fastrack,3103,4.2,In stock,1326.0
TIMEX Analog Black Dial Men's Watch-TWHG03SMU17,TIMEX,75,3.8,In stock,3407.0
GUESS 46mm Multifunction Stainless Steel Watch,GUESS,18,4.3,In stock,9450.0
GUESS Analog Black Dial Men's Watch-GW0263G4,GUESS,2,4.5,Only 2 left in stock,9762.0
GUESS Analog Black Dial Men's Watch-GW0423G3,GUESS,2,4.5,In stock,9447.0
"RPS FASHION WITH DEVICE OF R mens Analog & Digital Black PU Strap Analog Watch , Pack of 2",RPS,30,3.3,In stock,170.0
GUESS Analog Blue Dial Men's Watch-GW0202G4,GUESS,18,4.4,Only 3 left in stock,14310.0
GUESS Analog Black Dial Men's Watch-W1132G1,GUESS,444,4.6,In stock,10396.0
Fossil Grant Analog Blue Dial Men's Watch-FS5151,Fossil,2447,4.6,In stock,7497.0
Titan Analog Blue Dial Men's Watch-1864SL10,Titan,11,4.1,In stock,1735.0
Fossil Analog White Dial Men's Watch-FS4795,Fossil,1496,4.4,In stock,14495.0
Espoir Mens ESP12457 Analog Blue Dial Watch,Espoir,11602,3.5,In stock,233.0
Titan Karishma Analog Multi-Colour Dial Men's Watch-NL1639SM01/NN1639SM01,Titan,887,4.4,In stock,1795.0
TIMEX Analog Silver Dial Men's Watch-TWEG18506,TIMEX,129,4.2,Only 3 left in stock,3196.0
Sonata Smart Plaid Analog Blue Dial Men's Watch-NN77105SL03W/NP77105SL03W,Sonata,320,4.1,In stock,1075.0
TIMEX Analog Black Dial Men's Watch-TW0TG6504,TIMEX,342,4.0,In stock,1996.0
Casio Analog White Dial Men's Watch-MTP-V002D-7B3UDF,Casio,39,4.5,In stock,1916.0
TIMEX Analog Black Dial Men's Watch-TW000U926,TIMEX,474,4.1,In stock,1869.0
Titan Analog Blue Dial Men's Watch-1805QM02,Titan,54,4.2,In stock,5096.0
Titan Analog Silver Dial Men's Watch-NL1584SL03/NP1584SL03,Titan,3614,4.3,Out of stock,1695.0
Titan Neo Iv Analog Black Dial Men's Watch-NL1802NL01,Titan,145,4.2,Only 5 left in stock,2246.0
Sonata Analog Watches for Men,Sonata,1730,4.3,Out of stock,1005.0
Fossil Fenmore Analog Black Dial Men's Watch-BQ2365,Fossil,144,4.4,Only 3 left in stock,8697.0
Sonata Essentials Analog Silver Dial Men's Watch NM77082SL01W/NN77082SL01W,Sonata,1717,4.3,Out of stock,764.0
GUESS Analog Black Dial Men's Watch-GW0486G2,GUESS,3,5.0,Only 4 left in stock,17596.0
GUESS Analog Black Dial Men's Watch-GW0388G1,GUESS,3,4.6,In stock,5456.0
Giordano Trendy Slim Analog Watch for Mens & Boys for Casual & Formal Occasion - GD-1166,Giordano,1,5.0,In stock,2399.0
Casio Analog-Digital Black Dial Men's Watch-GA-2100-1A1DR (G987),Casio,941,4.5,In stock,9195.0
Titan Light Leathers Analog White Dial Men's Watch-90102SL03 / 90102SL03,Titan,231,4.4,In stock,9145.0
Fastrack Analog Black Dial Men's Watch-3089SL16,Fastrack,156,4.3,In stock,2295.0
Titan Analog Gold Dial Men's Watch-NL1650YM04/NP1650YM04,Titan,1338,4.4,In stock,2740.0
Sonata Yuva Analog Black Dial Men's Watch-NL7924SL04/NP7924SL04,Sonata,1901,4.1,In stock,899.0
Fastrack Fastfit Analog Black Dial Men's Watch-3224NL01,Fastrack,70,3.9,Only 1 left in stock,3325.0
TIMEX Analog Black Dial Men's Watch-TWHG03SMU17,TIMEX,75,3.8,In stock,3407.0
Titan Analog Dial Men's Watch,Titan,410,4.4,In stock,2250.0
Timex Fashion Analog Multi-Color Dial Men's Watch-TI000U90100,Timex,1319,4.0,In stock,2376.0
Titan Karishma Analog Silver Dial Men's Watch-NK1638SM01 / NK1638SM01,Titan,329,4.2,In stock,1995.0
TIMEX  Analog Black Dial Men's Watch -TW0TG5910,TIMEX,181,4.2,In stock,1733.0
Fastrack Stunners 3.0 Analog Black Dial Men's Watch-3277NM01,Fastrack,39,4.5,Only 2 left in stock,1885.0
Sonata Analog Black Dial Men's Watch-7135SL02/NP7135SL02,Sonata,155,4.4,In stock,832.0
Titan Analog Gold Dial Men's Watch NM1648YM02/NN1648YM02/NP1648YM02,Titan,598,4.3,In stock,1795.0
Fastrack Stunners 4.0 Analog Watch,Fastrack,2,3.5,In stock,1675.0
TIMEX Analog Black Dial Men's Watch-TW0TG6516,TIMEX,46,4.0,In stock,1851.0
TIMEX Classics Analog White Dial Men's Watch-A300,TIMEX,1401,4.2,In stock,492.0
Casio Enticer Analog Black Dial Men's Watch-MTP-V006L-1BUDF (A1016),Casio,463,4.2,In stock,2395.0
Fastrack Fundamentals Analog Brown Dial Men's Watch-NL38051SL02,Fastrack,355,4.2,In stock,1185.0
RUSTET Men's Analogue - Digital Watch (Black Colored Strap),RUSTET,1128,3.6,In stock,475.0
Casio Analog Silver Dial Men's Watch-MTP-VT01L-7B2UDF (A1618),Casio,307,4.3,In stock,2965.0
Sylvi Stainless Steel Silver Analog Date Best Wrist Watch - for Men,Sylvi,26,3.6,In stock,199.0
Titan Analog Silver Dial Men's Watch-1864SL07,Titan,30,4.2,In stock,2025.0
Titan Analog Gold Dial Men's Watch-NL1715YM02,Titan,579,4.2,In stock,1908.0
Shocknshop Analog Black Dial Business Stainless Steel Wrist Watch for Mens (Black Colored Dial and Strap) -WCH60,Shocknshop,5,3.4,In stock,489.0
Casio Analog Black Dial Men's Watch-MTP-V005D-1B5UDF,Casio,37,4.3,In stock,2076.0
Timex Fashion Analog Multi-Color Dial Men's Watch-TI000U90000,Timex,2104,4.1,In stock,1765.0
hamt Analog Men's Watch (Multicolor Dial Multi Colored Strap),hamt,86,3.1,In stock,139.0
Casio Analog Black Dial Men's Watch-EFV-550L-1AVUDF,Casio,37,4.0,In stock,8396.0
Fastrack Analog Silver Men Watch 3229SM03 / 3229SM03,Fastrack,810,4.2,In stock,1630.0
GUESS Analog Black Dial Men's Watch-GW0368G3,GUESS,1,5.0,Only 1 left in stock,8746.0
GUESS 46mm Multifunction Stainless Steel Watch,GUESS,18,4.3,In stock,9450.0
GUESS Analog Black Dial Men's Watch-GW0263G4,GUESS,2,4.5,Only 2 left in stock,9762.0
GUESS Multifunction 44mm Watch,GUESS,36,4.0,Only 1 left in stock,9516.0
"RPS FASHION WITH DEVICE OF R mens Analog & Digital Black PU Strap Analog Watch , Pack of 2",RPS,30,3.3,In stock,170.0
GUESS Analog Blue Dial Men's Watch-GW0202G4,GUESS,18,4.4,Only 3 left in stock,14310.0
GUESS Analog Black Dial Men's Watch-W1132G1,GUESS,444,4.6,In stock,10396.0
Sylvi Stainless Steel Silver Analog Date Best Wrist Watch - for Men,Sylvi,26,3.6,In stock,199.0
Titan Analog Silver Dial Men's Watch-1864SL07,Titan,30,4.2,In stock,2025.0
Shocknshop Analog Black Dial Business Stainless Steel Wrist Watch for Mens (Black Colored Dial and Strap) -WCH60,Shocknshop,5,3.4,In stock,489.0
Casio Analog Black Dial Men's Watch-MTP-V005D-1B5UDF,Casio,37,4.3,In stock,2076.0
Fastrack Big Time Analog White Dial Men's Watch NL3072SL01/NN3072SL01/NP3072SL01,Fastrack,444,4.1,Only 5 left in stock,3915.0
Shocknshop Analog Digital Sports Multi Functional Dual Time Black Dial Watch for Mens Boys -SK04,Shocknshop,200,4.0,In stock,449.0
Timex Fashion Analog Multi-Color Dial Men's Watch-TI000U90000,Timex,2104,4.1,In stock,1765.0
hamt Analog Men's Watch (Multicolor Dial Multi Colored Strap),hamt,86,3.1,In stock,139.0
Sonata Beyond Gold Analog Black Dial Men's Watch-NN77031KM03/NP77031KM03,Sonata,394,4.3,In stock,1979.0
Casio Analog Black Dial Men's Watch-EFV-550L-1AVUDF,Casio,37,4.0,In stock,8396.0
Fastrack Analog Silver Men Watch 3229SM03 / 3229SM03,Fastrack,810,4.2,In stock,1630.0
Sonata Analog White Dial Men's Watch-7135YL01/NP7135YL01,Sonata,230,4.2,In stock,949.0
Titan Karishma Analog Black Dial Men's Watch-NK1578SM04 / NK1578SM04,Titan,761,4.3,Only 3 left in stock,2345.0
TIMEX Analog Blue Dial Men's Watch-TWEG18420,TIMEX,7,4.2,In stock,2396.0
Sonata Smart Plaid Analog White Dial Men's Watch-NN77105SL01W/NP77105SL01W,Sonata,707,4.2,In stock,999.0
Sonata Analog White Dial Men's Watch NM77049YM03/NN77049YM03,Sonata,1143,4.2,In stock,849.0
GUESS Analog White Dial Men's Watch-GW0428G2,GUESS,6,5.0,In stock,7696.0
GUESS Analog Gold Dial Unisex-Adult Watch-GW0324G2,GUESS,18,4.1,In stock,12530.0
GUESS Analog Black Dial Men's Watch-GW0486G2,GUESS,3,5.0,Only 4 left in stock,17596.0
GUESS 46mm Multifunction Stainless Steel Watch,GUESS,18,4.3,In stock,9450.0
Fastrack Go Skate Analog Black Dial Men's Watch-NN3216NM01,Fastrack,91,3.9,In stock,3815.0
TIMEX Analog Blue Dial Men's Watch-TWHG35SMU04,TIMEX,42,4.1,In stock,1799.0
Titan Analog White Dial Men's Watch-NL1639SL03,Titan,1059,4.2,In stock,1695.0
Titan Men's Round Dial Watch,Titan,365,4.2,In stock,4135.0
Casio Enticer Analog Dial Watch,Casio,1423,4.3,Only 5 left in stock,3055.0
Casio Analog Black Dial Men's Watch-MTP-VT01D-1BUDF (A1612),Casio,492,4.4,In stock,3415.0
TIMEX Fusion Multifunction Analog Brown Dial Men's Watch-TWEG18903,TIMEX,89,4.2,Out of stock,3676.0
Titan Karishma Analog Silver Dial Men's Watch-NL1774BM01/NP1774BM01,Titan,481,4.3,In stock,3365.0
hamt Black DIAL Analog Watch HT-GR811-BLK-CH Hybrid Watch - for Men…,hamt,830,3.7,In stock,221.0
"TIMEX Multifunction Men Analog Blue Dial Coloured Quartz Watch, Round Dial with 30 mm Case Width - TWEG135SMU03",TIMEX,4,4.6,In stock,4595.0
Casio Analog-Digital Black Dial Men's Watch-GA-2100-1A1DR (G987),Casio,941,4.5,In stock,9195.0
FCUK Analog Dial Unisex Watch,FCUK,248,3.9,In stock,1287.0
LOUIS DEVIN LD-BK047-GLDBLK Black Metal Chain Analog Wrist Watch for Men,LOUIS,268,3.7,Only 1 left in stock,479.0
"TIMEX Multifunction Men Analog Green Dial Coloured Quartz Watch, Round Dial with 30 mm Case Width - TWEG135SMU04",TIMEX,2,3.0,In stock,3368.0
Fossil Analog Black Dial Men's Watch - FS5437,Fossil,2027,4.4,In stock,12495.0
SWADESI STUFF Square Multi DIAL Analog Silicon Strap ADDI Stylish Designer Analog Watch - for Boys,SWADESI,3020,3.5,In stock,185.0
Titan Neo Analog Blue Dial Men's Watch-NN1769SM01,Titan,251,4.3,In stock,4495.0
LOUIS DEVIN Men's Watch (Metal Chain Analog Wrist Watch G036),LOUIS,368,3.5,In stock,341.0
Titan Analog Blue Dial Men's Watch-NL1698SM02,Titan,369,4.2,In stock,4895.0
Fastrack Analog Blue Dial Men's Watch-NL38035SP02/NP38035SP02,Fastrack,745,4.2,In stock,2936.0
TIMEX Analog Silver Dial Men's Watch-TW0TG6502,TIMEX,122,4.2,In stock,1996.0
Fastrack Analog Grey Dial Men's Watch-NL3084SL02/NP3084SL02,Fastrack,451,4.1,In stock,2165.0
Fossil Fenmore Midsize Analog Blue Dial Men's Watch-BQ2412,Fossil,72,4.4,In stock,7497.0
Sonata Analog Black Dial Men's Watch-77082SL08W,Sonata,50,3.8,In stock,999.0
Fastrack Analog Black Men Watch 3229SM01 / 3229SM01,Fastrack,714,4.2,In stock,1525.0
Titan Karishma Analog Silver Dial Men's Watch-NL1739BM01/NP1739BM01,Titan,452,4.3,In stock,3215.0
Titan Analog Black Dial Men's Watch-NL1648YM03/NP1648YM03,Titan,269,4.2,In stock,1895.0
"RPS FASHION WITH DEVICE OF R mens Analog & Digital Black PU Strap Analog Watch , Pack of 2",RPS,30,3.3,In stock,170.0
Titan Analog Black Dial Men's Watch-1805QM04,Titan,60,4.4,Only 3 left in stock,6345.0
Fossil Autocross Analog Black Dial Men's Watch-BQ2551,Fossil,12,4.3,In stock,9995.0
Sonata Smart Plaid Analog Blue Dial Men's Watch-NN77105SL03W/NP77105SL03W,Sonata,320,4.1,In stock,1075.0
GUESS Analog Black Dial Men's Watch-GW0388G1,GUESS,3,4.6,In stock,5456.0
GUESS Analog Black Dial Men's Watch-GW0368G3,GUESS,1,5.0,Only 1 left in stock,8746.0
GUESS Analog Black Dial Men's Watch-GW0263G4,GUESS,2,4.5,Only 2 left in stock,9762.0
"RPS FASHION WITH DEVICE OF R mens Analog & Digital Black PU Strap Analog Watch , Pack of 2",RPS,30,3.3,In stock,170.0
GUESS Analog Blue Dial Men's Watch-GW0202G4,GUESS,18,4.4,Only 3 left in stock,14310.0
GUESS Analog Black Dial Men's Watch-W1132G1,GUESS,444,4.6,In stock,10396.0
Fastrack Analog Blue Dial Men's Watch-NL38035SP02/NP38035SP02,Fastrack,745,4.2,In stock,2936.0
TIMEX Analog Silver Dial Men's Watch-TW0TG6502,TIMEX,122,4.2,In stock,1996.0
Fossil Fenmore Midsize Analog Blue Dial Men's Watch-BQ2412,Fossil,72,4.4,In stock,7497.0
Casio Analog-Digital Black Dial Men's Watch-ECB-900DB-1BDR (EX500),Casio,346,4.5,In stock,15295.0
Sonata Analog Black Dial Men's Watch-77082SL08W,Sonata,50,3.8,In stock,999.0
Casio Analog Silver Dial Men's Watch-MTP-1374HSG-7AVIF (A1653),Casio,125,4.5,In stock,5935.0
Casio Analog Black Dial Men's Watch-MTP-VD300L-1EUDF (A1751),Casio,150,4.3,Only 2 left in stock,4315.0
Fastrack Analog Black Men Watch 3229SM01 / 3229SM01,Fastrack,714,4.2,In stock,1525.0
Titan Karishma Analog Blue Dial Men's Watch-NL1774SM01/NP1774SM01,Titan,827,4.2,In stock,2715.0
French Connection Analog White Dial Men's Watch-FCL25-A,French,2,3.5,Only 1 left in stock,1460.0
Titan Analog Black Dial Men's Watch-NL1648YM03/NP1648YM03,Titan,269,4.2,In stock,1895.0
Fossil Analog Blue Dial Men's Watch-FS5661,Fossil,950,4.6,In stock,4497.0
"RPS FASHION WITH DEVICE OF R mens Analog & Digital Black PU Strap Analog Watch , Pack of 2",RPS,30,3.3,In stock,170.0
Titan Analog Black Dial Men's Watch-1805QM04,Titan,60,4.4,Only 3 left in stock,6345.0
Fossil Autocross Analog Black Dial Men's Watch-BQ2551,Fossil,12,4.3,In stock,9995.0
Sonata Smart Plaid Analog Blue Dial Men's Watch-NN77105SL03W/NP77105SL03W,Sonata,320,4.1,In stock,1075.0
GUESS Analog White Dial Men's Watch-GW0428G2,GUESS,6,5.0,In stock,7696.0
GUESS Chronograph Multicolor Dial Men's Watch-GW0334G3,GUESS,14,4.3,In stock,10850.0
GUESS Analog Gold Dial Unisex-Adult Watch-GW0324G2,GUESS,18,4.1,In stock,12530.0
GUESS Analog Black Dial Men's Watch-GW0486G2,GUESS,3,5.0,Only 4 left in stock,17596.0
Citizen Analog Blue Dial Men's Watch-NJ0151-88M,Citizen,4,5.0,In stock,29680.0
TIMEX Analog Brown Dial Men's Watch-TWEG16503,TIMEX,61,4.3,In stock,2306.0
Fastrack Analog Gray Dial Men's Watch-3291SL01,Fastrack,16,4.5,In stock,1045.0
Fastrack Casual Analog Navy Blue Dial Men's Watch NM3120SM02/NN3120SM02/NP3120SM02,Fastrack,1827,4.3,In stock,1850.0
Fastrack Commando Analog Brown Dial Men's Watch-NL3084NP01/NP3084NP01,Fastrack,606,4.2,In stock,1815.0
Casio Youth-Analog Black Dial Men's Watch-MCW-100H-1A3VDF (AD213),Casio,539,4.2,In stock,4395.0
SWISSTYLE Analog Black Dial Men Watch-SS-GR009-BLK-BLK,SWISSTYLE,27,2.4,In stock,139.0
Fastrack Economy 2013 Analog Green Dial Men's Watch-NL3099SP06/NP3099SP06,Fastrack,1120,4.1,In stock,2450.0
Sonata Analog White Dial Men's Watch-NL77049SM02/NP77049SM02,Sonata,1064,4.0,In stock,699.0
Fastrack Analog Brown Dial Men's Watch-3287QM01,Fastrack,26,4.1,Out of stock,3005.0
Michael Kors Analog Grey Dial Men's Watch-MK8576,Michael,1435,4.7,In stock,7247.0
Fastrack Dial it up Analog Beige Men's Watch-3252NL01,Fastrack,13,4.0,Only 4 left in stock,2445.0
Titan Neo Analog Silver Dial Men's Watch-NL1734WL01/NP1734WL01,Titan,354,4.4,In stock,5395.0
Ajanta Quartz Analog Gents Wrist Watch AWC048MSG,Ajanta,134,3.7,Only 1 left in stock,1355.0
TIMEX Analog Black Dial Men's Watch-TWHG35SMU07,TIMEX,64,4.4,In stock,1819.0
TIMEX  Analog Blue Dial Men's Watch -TW0TG6501,TIMEX,254,4.1,In stock,1876.0
Casio Analog Silver Dial Men's Watch-MTP-VT01L-7B2UDF (A1618),Casio,307,4.3,In stock,2965.0
TIMEX Classics Analog Gold Dial Men's Watch - A304,TIMEX,120,4.1,In stock,1036.0
Acnos Brown Blue and Black Analog Watches for Men Pack of - 3 and Brand Box (l-01-02-05),Acnos,5619,3.7,In stock,365.0
TIMEX Analog Blue Dial Men's Watch-TW0TG6515,TIMEX,25,4.0,Only 2 left in stock,2116.0
Fossil Copeland Analog Yellow Dial Men's Watch-FS5663,Fossil,260,4.6,In stock,4747.0
"TIMEX 3 Hands Men Analog Silver Dial Coloured Quartz Watch, Round Dial with 30 mm Case Width - TWTG105SMU05",TIMEX,2,4.0,In stock,1502.0
BENYAR Business Casual Blue Dial Stainless Steel Date Display Analog Watch for Men,BENYAR,86,4.2,In stock,2490.0
Titan Analog Champagne Dial Stainless Steel Strap Men's Watch - 1650YM06,Titan,918,4.3,In stock,2545.0
Titan Karishma Analog Gold Dial Men's Watch-NL1578YM05/NP1578YM05,Titan,264,4.2,In stock,2533.0
TIMEWEAR Men's Analog Two Hands Stainless Chain Slim Watch [Silver],TIMEWEAR,1682,3.7,In stock,349.0
TIMEX Analog Black Dial Men's Watch-TWEG16610,TIMEX,228,4.4,In stock,3356.0
Titan Analog Gold Dial Men's Watch NM1648YM02/NN1648YM02/NP1648YM02,Titan,598,4.3,In stock,1795.0
Fastrack Casual Analog Silver Dial Men's Watch-NL3120SM01/NP3120SM01,Fastrack,1417,4.2,In stock,1572.0
GUESS Analog Black Dial Men's Watch-GW0388G1,GUESS,3,4.6,In stock,5456.0
GUESS 46mm Multifunction Stainless Steel Watch,GUESS,18,4.3,In stock,9450.0
GUESS Analog Black Dial Men's Watch-GW0263G4,GUESS,2,4.5,Only 2 left in stock,9762.0
GUESS Analog Black Dial Men's Watch-GW0263G4,GUESS,2,4.5,Only 2 left in stock,9762.0
"RPS FASHION WITH DEVICE OF R mens Analog & Digital Black PU Strap Analog Watch , Pack of 2",RPS,30,3.3,In stock,170.0
GUESS Analog Blue Dial Men's Watch-GW0202G4,GUESS,18,4.4,Only 3 left in stock,14310.0
GUESS Analog Black Dial Men's Watch-W1132G1,GUESS,444,4.6,In stock,10396.0
SWISSTYLE Expedition Brown dial Analog Watch for men-SS-GR168-BRW-BRW,SWISSTYLE,13,3.6,In stock,159.0
Casio Analog Green Dial Men's Watch-MTP-VT01GL-3BUDF (A1782),Casio,328,4.4,In stock,3715.0
Fastrack Analog Black Mens Watch 3229SP02,Fastrack,131,4.2,In stock,1296.0
Titan Analog Silver Dial Men's Watch-NL1584SL03/NP1584SL03,Titan,3614,4.3,Out of stock,1695.0
Fossil Copeland Analog Yellow Dial Men's Watch-FS5663,Fossil,260,4.6,In stock,4747.0
Michael Kors Analog Grey Dial Men's Watch-MK8576,Michael,1435,4.7,In stock,7247.0
Fastrack Casual Analog White Dial Men's Watch-NL3120SL01/NP3120SL01,Fastrack,3843,4.3,In stock,1395.0
Tommy Hilfiger Analog Gray Dial Men's Watch-TH1710490,Tommy,1,5.0,Only 5 left in stock,9797.0
Fossil Fenmore Midsize Analog Blue Dial Men's Watch-BQ2412,Fossil,72,4.4,In stock,7497.0
Casio Analog Silver Dial Men's Watch-MTP-V005D-7B5UDF,Casio,32,4.2,In stock,2076.0
Titan Neo Analog Blue Dial Men's Watch-NN1769SM01,Titan,251,4.3,In stock,4495.0
Sonata Analog White Dial Men's Watch NM7987YM05W/NN7987YM05W,Sonata,1090,4.2,In stock,899.0
RPS FASHION WITH DEVICE OF R Analog Black PU Strap Boys Girls Watch Analog,RPS,22,3.4,In stock,125.0
TIMEX Analog Silver Dial Men's Watch-TWEG16715,TIMEX,1,5.0,In stock,10121.0
Casio Enticer Analog Black Dial Men's Watch-MTP-V006L-1BUDF (A1016),Casio,463,4.2,In stock,2395.0
Fastrack Economy Analog White Dial Men's Watch-NL3039SM01/NP3039SM01,Fastrack,1349,4.2,In stock,1950.0
GUESS Chronograph Multicolor Dial Men's Watch-GW0334G3,GUESS,14,4.3,In stock,10850.0
GUESS Analog Gold Dial Unisex-Adult Watch-GW0324G2,GUESS,18,4.1,In stock,12530.0
GUESS Analog Black Dial Men's Watch-GW0486G2,GUESS,3,5.0,Only 4 left in stock,17596.0
"TIMEX 3 Hands Men Analog Silver Dial Coloured Quartz Watch, Round Dial with 30 mm Case Width - TWTG105SMU05",TIMEX,2,4.0,In stock,1502.0
Titan Analog Green Dial Men's Watch-1805WP01,Titan,31,4.3,Only 2 left in stock,5995.0
GUESS Analog Black Dial Men's Watch-GW0388G1,GUESS,3,4.6,In stock,5456.0
GUESS 46mm Multifunction Stainless Steel Watch,GUESS,18,4.3,In stock,9450.0
GUESS Analog Black Dial Men's Watch-GW0368G3,GUESS,1,5.0,Only 1 left in stock,8746.0
